{
    "login": "hamen",
    "id": 19003,
    "avatar_url": "https://avatars.githubusercontent.com/u/19003?v=3",
    "gravatar_id": "",
    "url": "https://api.github.com/users/hamen",
    "html_url": "https://github.com/hamen",
    "followers_url": "https://api.github.com/users/hamen/followers",
    "following_url": "https://api.github.com/users/hamen/following{/other_user}",
    "gists_url": "https://api.github.com/users/hamen/gists{/gist_id}",
    "starred_url": "https://api.github.com/users/hamen/starred{/owner}{/repo}",
    "subscriptions_url": "https://api.github.com/users/hamen/subscriptions",
    "organizations_url": "https://api.github.com/users/hamen/orgs",
    "repos_url": "https://api.github.com/users/hamen/repos",
    "events_url": "https://api.github.com/users/hamen/events{/privacy}",
    "received_events_url": "https://api.github.com/users/hamen/received_events",
    "type": "User",
    "site_admin": false
}
