{
    "login": "patheticpat",
    "id": 16046,
    "avatar_url": "https://avatars.githubusercontent.com/u/16046?v=3",
    "gravatar_id": "",
    "url": "https://api.github.com/users/patheticpat",
    "html_url": "https://github.com/patheticpat",
    "followers_url": "https://api.github.com/users/patheticpat/followers",
    "following_url": "https://api.github.com/users/patheticpat/following{/other_user}",
    "gists_url": "https://api.github.com/users/patheticpat/gists{/gist_id}",
    "starred_url": "https://api.github.com/users/patheticpat/starred{/owner}{/repo}",
    "subscriptions_url": "https://api.github.com/users/patheticpat/subscriptions",
    "organizations_url": "https://api.github.com/users/patheticpat/orgs",
    "repos_url": "https://api.github.com/users/patheticpat/repos",
    "events_url": "https://api.github.com/users/patheticpat/events{/privacy}",
    "received_events_url": "https://api.github.com/users/patheticpat/received_events",
    "type": "User",
    "site_admin": false
}
