{
    "login": "ajpieri",
    "id": 5483,
    "avatar_url": "https://avatars.githubusercontent.com/u/5483?v=3",
    "gravatar_id": "",
    "url": "https://api.github.com/users/ajpieri",
    "html_url": "https://github.com/ajpieri",
    "followers_url": "https://api.github.com/users/ajpieri/followers",
    "following_url": "https://api.github.com/users/ajpieri/following{/other_user}",
    "gists_url": "https://api.github.com/users/ajpieri/gists{/gist_id}",
    "starred_url": "https://api.github.com/users/ajpieri/starred{/owner}{/repo}",
    "subscriptions_url": "https://api.github.com/users/ajpieri/subscriptions",
    "organizations_url": "https://api.github.com/users/ajpieri/orgs",
    "repos_url": "https://api.github.com/users/ajpieri/repos",
    "events_url": "https://api.github.com/users/ajpieri/events{/privacy}",
    "received_events_url": "https://api.github.com/users/ajpieri/received_events",
    "type": "User",
    "site_admin": false
}
