{
    "login": "rodrigomilfont",
    "id": 7110,
    "avatar_url": "https://avatars.githubusercontent.com/u/7110?v=3",
    "gravatar_id": "",
    "url": "https://api.github.com/users/rodrigomilfont",
    "html_url": "https://github.com/rodrigomilfont",
    "followers_url": "https://api.github.com/users/rodrigomilfont/followers",
    "following_url": "https://api.github.com/users/rodrigomilfont/following{/other_user}",
    "gists_url": "https://api.github.com/users/rodrigomilfont/gists{/gist_id}",
    "starred_url": "https://api.github.com/users/rodrigomilfont/starred{/owner}{/repo}",
    "subscriptions_url": "https://api.github.com/users/rodrigomilfont/subscriptions",
    "organizations_url": "https://api.github.com/users/rodrigomilfont/orgs",
    "repos_url": "https://api.github.com/users/rodrigomilfont/repos",
    "events_url": "https://api.github.com/users/rodrigomilfont/events{/privacy}",
    "received_events_url": "https://api.github.com/users/rodrigomilfont/received_events",
    "type": "User",
    "site_admin": false
}
