{
    "login": "tonchik",
    "id": 16026,
    "avatar_url": "https://avatars.githubusercontent.com/u/16026?v=3",
    "gravatar_id": "",
    "url": "https://api.github.com/users/tonchik",
    "html_url": "https://github.com/tonchik",
    "followers_url": "https://api.github.com/users/tonchik/followers",
    "following_url": "https://api.github.com/users/tonchik/following{/other_user}",
    "gists_url": "https://api.github.com/users/tonchik/gists{/gist_id}",
    "starred_url": "https://api.github.com/users/tonchik/starred{/owner}{/repo}",
    "subscriptions_url": "https://api.github.com/users/tonchik/subscriptions",
    "organizations_url": "https://api.github.com/users/tonchik/orgs",
    "repos_url": "https://api.github.com/users/tonchik/repos",
    "events_url": "https://api.github.com/users/tonchik/events{/privacy}",
    "received_events_url": "https://api.github.com/users/tonchik/received_events",
    "type": "User",
    "site_admin": false
}
