{
    "login": "CharlieSu",
    "id": 2069,
    "avatar_url": "https://avatars.githubusercontent.com/u/2069?v=3",
    "gravatar_id": "",
    "url": "https://api.github.com/users/CharlieSu",
    "html_url": "https://github.com/CharlieSu",
    "followers_url": "https://api.github.com/users/CharlieSu/followers",
    "following_url": "https://api.github.com/users/CharlieSu/following{/other_user}",
    "gists_url": "https://api.github.com/users/CharlieSu/gists{/gist_id}",
    "starred_url": "https://api.github.com/users/CharlieSu/starred{/owner}{/repo}",
    "subscriptions_url": "https://api.github.com/users/CharlieSu/subscriptions",
    "organizations_url": "https://api.github.com/users/CharlieSu/orgs",
    "repos_url": "https://api.github.com/users/CharlieSu/repos",
    "events_url": "https://api.github.com/users/CharlieSu/events{/privacy}",
    "received_events_url": "https://api.github.com/users/CharlieSu/received_events",
    "type": "User",
    "site_admin": false
}
