{
    "login": "tedkulp",
    "id": 5429,
    "avatar_url": "https://avatars.githubusercontent.com/u/5429?v=3",
    "gravatar_id": "",
    "url": "https://api.github.com/users/tedkulp",
    "html_url": "https://github.com/tedkulp",
    "followers_url": "https://api.github.com/users/tedkulp/followers",
    "following_url": "https://api.github.com/users/tedkulp/following{/other_user}",
    "gists_url": "https://api.github.com/users/tedkulp/gists{/gist_id}",
    "starred_url": "https://api.github.com/users/tedkulp/starred{/owner}{/repo}",
    "subscriptions_url": "https://api.github.com/users/tedkulp/subscriptions",
    "organizations_url": "https://api.github.com/users/tedkulp/orgs",
    "repos_url": "https://api.github.com/users/tedkulp/repos",
    "events_url": "https://api.github.com/users/tedkulp/events{/privacy}",
    "received_events_url": "https://api.github.com/users/tedkulp/received_events",
    "type": "User",
    "site_admin": false
}
