{
    "login": "zlokomatic",
    "id": 5440,
    "avatar_url": "https://avatars.githubusercontent.com/u/5440?v=3",
    "gravatar_id": "",
    "url": "https://api.github.com/users/zlokomatic",
    "html_url": "https://github.com/zlokomatic",
    "followers_url": "https://api.github.com/users/zlokomatic/followers",
    "following_url": "https://api.github.com/users/zlokomatic/following{/other_user}",
    "gists_url": "https://api.github.com/users/zlokomatic/gists{/gist_id}",
    "starred_url": "https://api.github.com/users/zlokomatic/starred{/owner}{/repo}",
    "subscriptions_url": "https://api.github.com/users/zlokomatic/subscriptions",
    "organizations_url": "https://api.github.com/users/zlokomatic/orgs",
    "repos_url": "https://api.github.com/users/zlokomatic/repos",
    "events_url": "https://api.github.com/users/zlokomatic/events{/privacy}",
    "received_events_url": "https://api.github.com/users/zlokomatic/received_events",
    "type": "User",
    "site_admin": false
}
