{
    "login": "jarzebski",
    "id": 3647,
    "avatar_url": "https://avatars.githubusercontent.com/u/3647?v=3",
    "gravatar_id": "",
    "url": "https://api.github.com/users/jarzebski",
    "html_url": "https://github.com/jarzebski",
    "followers_url": "https://api.github.com/users/jarzebski/followers",
    "following_url": "https://api.github.com/users/jarzebski/following{/other_user}",
    "gists_url": "https://api.github.com/users/jarzebski/gists{/gist_id}",
    "starred_url": "https://api.github.com/users/jarzebski/starred{/owner}{/repo}",
    "subscriptions_url": "https://api.github.com/users/jarzebski/subscriptions",
    "organizations_url": "https://api.github.com/users/jarzebski/orgs",
    "repos_url": "https://api.github.com/users/jarzebski/repos",
    "events_url": "https://api.github.com/users/jarzebski/events{/privacy}",
    "received_events_url": "https://api.github.com/users/jarzebski/received_events",
    "type": "User",
    "site_admin": false
}
