{
    "login": "emori",
    "id": 18046,
    "avatar_url": "https://avatars.githubusercontent.com/u/18046?v=3",
    "gravatar_id": "",
    "url": "https://api.github.com/users/emori",
    "html_url": "https://github.com/emori",
    "followers_url": "https://api.github.com/users/emori/followers",
    "following_url": "https://api.github.com/users/emori/following{/other_user}",
    "gists_url": "https://api.github.com/users/emori/gists{/gist_id}",
    "starred_url": "https://api.github.com/users/emori/starred{/owner}{/repo}",
    "subscriptions_url": "https://api.github.com/users/emori/subscriptions",
    "organizations_url": "https://api.github.com/users/emori/orgs",
    "repos_url": "https://api.github.com/users/emori/repos",
    "events_url": "https://api.github.com/users/emori/events{/privacy}",
    "received_events_url": "https://api.github.com/users/emori/received_events",
    "type": "User",
    "site_admin": false
}
