{
    "login": "Vladislav",
    "id": 21050,
    "avatar_url": "https://avatars.githubusercontent.com/u/21050?v=3",
    "gravatar_id": "",
    "url": "https://api.github.com/users/Vladislav",
    "html_url": "https://github.com/Vladislav",
    "followers_url": "https://api.github.com/users/Vladislav/followers",
    "following_url": "https://api.github.com/users/Vladislav/following{/other_user}",
    "gists_url": "https://api.github.com/users/Vladislav/gists{/gist_id}",
    "starred_url": "https://api.github.com/users/Vladislav/starred{/owner}{/repo}",
    "subscriptions_url": "https://api.github.com/users/Vladislav/subscriptions",
    "organizations_url": "https://api.github.com/users/Vladislav/orgs",
    "repos_url": "https://api.github.com/users/Vladislav/repos",
    "events_url": "https://api.github.com/users/Vladislav/events{/privacy}",
    "received_events_url": "https://api.github.com/users/Vladislav/received_events",
    "type": "User",
    "site_admin": false
}
