{
    "login": "jhebert",
    "id": 12012,
    "avatar_url": "https://avatars.githubusercontent.com/u/12012?v=3",
    "gravatar_id": "",
    "url": "https://api.github.com/users/jhebert",
    "html_url": "https://github.com/jhebert",
    "followers_url": "https://api.github.com/users/jhebert/followers",
    "following_url": "https://api.github.com/users/jhebert/following{/other_user}",
    "gists_url": "https://api.github.com/users/jhebert/gists{/gist_id}",
    "starred_url": "https://api.github.com/users/jhebert/starred{/owner}{/repo}",
    "subscriptions_url": "https://api.github.com/users/jhebert/subscriptions",
    "organizations_url": "https://api.github.com/users/jhebert/orgs",
    "repos_url": "https://api.github.com/users/jhebert/repos",
    "events_url": "https://api.github.com/users/jhebert/events{/privacy}",
    "received_events_url": "https://api.github.com/users/jhebert/received_events",
    "type": "User",
    "site_admin": false
}
