{
    "login": "kapnawesome",
    "id": 6228,
    "avatar_url": "https://avatars.githubusercontent.com/u/6228?v=3",
    "gravatar_id": "",
    "url": "https://api.github.com/users/kapnawesome",
    "html_url": "https://github.com/kapnawesome",
    "followers_url": "https://api.github.com/users/kapnawesome/followers",
    "following_url": "https://api.github.com/users/kapnawesome/following{/other_user}",
    "gists_url": "https://api.github.com/users/kapnawesome/gists{/gist_id}",
    "starred_url": "https://api.github.com/users/kapnawesome/starred{/owner}{/repo}",
    "subscriptions_url": "https://api.github.com/users/kapnawesome/subscriptions",
    "organizations_url": "https://api.github.com/users/kapnawesome/orgs",
    "repos_url": "https://api.github.com/users/kapnawesome/repos",
    "events_url": "https://api.github.com/users/kapnawesome/events{/privacy}",
    "received_events_url": "https://api.github.com/users/kapnawesome/received_events",
    "type": "User",
    "site_admin": false
}
