{
    "login": "figital",
    "id": 10073,
    "avatar_url": "https://avatars.githubusercontent.com/u/10073?v=3",
    "gravatar_id": "",
    "url": "https://api.github.com/users/figital",
    "html_url": "https://github.com/figital",
    "followers_url": "https://api.github.com/users/figital/followers",
    "following_url": "https://api.github.com/users/figital/following{/other_user}",
    "gists_url": "https://api.github.com/users/figital/gists{/gist_id}",
    "starred_url": "https://api.github.com/users/figital/starred{/owner}{/repo}",
    "subscriptions_url": "https://api.github.com/users/figital/subscriptions",
    "organizations_url": "https://api.github.com/users/figital/orgs",
    "repos_url": "https://api.github.com/users/figital/repos",
    "events_url": "https://api.github.com/users/figital/events{/privacy}",
    "received_events_url": "https://api.github.com/users/figital/received_events",
    "type": "User",
    "site_admin": false
}
