{
    "login": "zhhz",
    "id": 2058,
    "avatar_url": "https://avatars.githubusercontent.com/u/2058?v=3",
    "gravatar_id": "",
    "url": "https://api.github.com/users/zhhz",
    "html_url": "https://github.com/zhhz",
    "followers_url": "https://api.github.com/users/zhhz/followers",
    "following_url": "https://api.github.com/users/zhhz/following{/other_user}",
    "gists_url": "https://api.github.com/users/zhhz/gists{/gist_id}",
    "starred_url": "https://api.github.com/users/zhhz/starred{/owner}{/repo}",
    "subscriptions_url": "https://api.github.com/users/zhhz/subscriptions",
    "organizations_url": "https://api.github.com/users/zhhz/orgs",
    "repos_url": "https://api.github.com/users/zhhz/repos",
    "events_url": "https://api.github.com/users/zhhz/events{/privacy}",
    "received_events_url": "https://api.github.com/users/zhhz/received_events",
    "type": "User",
    "site_admin": false
}
