{
    "login": "northrup",
    "id": 11050,
    "avatar_url": "https://avatars.githubusercontent.com/u/11050?v=3",
    "gravatar_id": "",
    "url": "https://api.github.com/users/northrup",
    "html_url": "https://github.com/northrup",
    "followers_url": "https://api.github.com/users/northrup/followers",
    "following_url": "https://api.github.com/users/northrup/following{/other_user}",
    "gists_url": "https://api.github.com/users/northrup/gists{/gist_id}",
    "starred_url": "https://api.github.com/users/northrup/starred{/owner}{/repo}",
    "subscriptions_url": "https://api.github.com/users/northrup/subscriptions",
    "organizations_url": "https://api.github.com/users/northrup/orgs",
    "repos_url": "https://api.github.com/users/northrup/repos",
    "events_url": "https://api.github.com/users/northrup/events{/privacy}",
    "received_events_url": "https://api.github.com/users/northrup/received_events",
    "type": "User",
    "site_admin": false
}
