{
    "login": "jardel1101",
    "id": 22038,
    "avatar_url": "https://avatars.githubusercontent.com/u/22038?v=3",
    "gravatar_id": "",
    "url": "https://api.github.com/users/jardel1101",
    "html_url": "https://github.com/jardel1101",
    "followers_url": "https://api.github.com/users/jardel1101/followers",
    "following_url": "https://api.github.com/users/jardel1101/following{/other_user}",
    "gists_url": "https://api.github.com/users/jardel1101/gists{/gist_id}",
    "starred_url": "https://api.github.com/users/jardel1101/starred{/owner}{/repo}",
    "subscriptions_url": "https://api.github.com/users/jardel1101/subscriptions",
    "organizations_url": "https://api.github.com/users/jardel1101/orgs",
    "repos_url": "https://api.github.com/users/jardel1101/repos",
    "events_url": "https://api.github.com/users/jardel1101/events{/privacy}",
    "received_events_url": "https://api.github.com/users/jardel1101/received_events",
    "type": "User",
    "site_admin": false
}
