{
    "login": "locusf",
    "id": 5262,
    "avatar_url": "https://avatars.githubusercontent.com/u/5262?v=3",
    "gravatar_id": "",
    "url": "https://api.github.com/users/locusf",
    "html_url": "https://github.com/locusf",
    "followers_url": "https://api.github.com/users/locusf/followers",
    "following_url": "https://api.github.com/users/locusf/following{/other_user}",
    "gists_url": "https://api.github.com/users/locusf/gists{/gist_id}",
    "starred_url": "https://api.github.com/users/locusf/starred{/owner}{/repo}",
    "subscriptions_url": "https://api.github.com/users/locusf/subscriptions",
    "organizations_url": "https://api.github.com/users/locusf/orgs",
    "repos_url": "https://api.github.com/users/locusf/repos",
    "events_url": "https://api.github.com/users/locusf/events{/privacy}",
    "received_events_url": "https://api.github.com/users/locusf/received_events",
    "type": "User",
    "site_admin": false
}
