{
    "login": "lsd",
    "id": 6424,
    "avatar_url": "https://avatars.githubusercontent.com/u/6424?v=3",
    "gravatar_id": "",
    "url": "https://api.github.com/users/lsd",
    "html_url": "https://github.com/lsd",
    "followers_url": "https://api.github.com/users/lsd/followers",
    "following_url": "https://api.github.com/users/lsd/following{/other_user}",
    "gists_url": "https://api.github.com/users/lsd/gists{/gist_id}",
    "starred_url": "https://api.github.com/users/lsd/starred{/owner}{/repo}",
    "subscriptions_url": "https://api.github.com/users/lsd/subscriptions",
    "organizations_url": "https://api.github.com/users/lsd/orgs",
    "repos_url": "https://api.github.com/users/lsd/repos",
    "events_url": "https://api.github.com/users/lsd/events{/privacy}",
    "received_events_url": "https://api.github.com/users/lsd/received_events",
    "type": "User",
    "site_admin": false
}
