{
    "login": "jcromartie",
    "id": 7810,
    "avatar_url": "https://avatars.githubusercontent.com/u/7810?v=3",
    "gravatar_id": "",
    "url": "https://api.github.com/users/jcromartie",
    "html_url": "https://github.com/jcromartie",
    "followers_url": "https://api.github.com/users/jcromartie/followers",
    "following_url": "https://api.github.com/users/jcromartie/following{/other_user}",
    "gists_url": "https://api.github.com/users/jcromartie/gists{/gist_id}",
    "starred_url": "https://api.github.com/users/jcromartie/starred{/owner}{/repo}",
    "subscriptions_url": "https://api.github.com/users/jcromartie/subscriptions",
    "organizations_url": "https://api.github.com/users/jcromartie/orgs",
    "repos_url": "https://api.github.com/users/jcromartie/repos",
    "events_url": "https://api.github.com/users/jcromartie/events{/privacy}",
    "received_events_url": "https://api.github.com/users/jcromartie/received_events",
    "type": "User",
    "site_admin": false
}
