{
    "login": "davecardwell",
    "id": 7639,
    "avatar_url": "https://avatars.githubusercontent.com/u/7639?v=3",
    "gravatar_id": "",
    "url": "https://api.github.com/users/davecardwell",
    "html_url": "https://github.com/davecardwell",
    "followers_url": "https://api.github.com/users/davecardwell/followers",
    "following_url": "https://api.github.com/users/davecardwell/following{/other_user}",
    "gists_url": "https://api.github.com/users/davecardwell/gists{/gist_id}",
    "starred_url": "https://api.github.com/users/davecardwell/starred{/owner}{/repo}",
    "subscriptions_url": "https://api.github.com/users/davecardwell/subscriptions",
    "organizations_url": "https://api.github.com/users/davecardwell/orgs",
    "repos_url": "https://api.github.com/users/davecardwell/repos",
    "events_url": "https://api.github.com/users/davecardwell/events{/privacy}",
    "received_events_url": "https://api.github.com/users/davecardwell/received_events",
    "type": "User",
    "site_admin": false
}
