{
    "login": "nullset",
    "id": 12050,
    "avatar_url": "https://avatars.githubusercontent.com/u/12050?v=3",
    "gravatar_id": "",
    "url": "https://api.github.com/users/nullset",
    "html_url": "https://github.com/nullset",
    "followers_url": "https://api.github.com/users/nullset/followers",
    "following_url": "https://api.github.com/users/nullset/following{/other_user}",
    "gists_url": "https://api.github.com/users/nullset/gists{/gist_id}",
    "starred_url": "https://api.github.com/users/nullset/starred{/owner}{/repo}",
    "subscriptions_url": "https://api.github.com/users/nullset/subscriptions",
    "organizations_url": "https://api.github.com/users/nullset/orgs",
    "repos_url": "https://api.github.com/users/nullset/repos",
    "events_url": "https://api.github.com/users/nullset/events{/privacy}",
    "received_events_url": "https://api.github.com/users/nullset/received_events",
    "type": "User",
    "site_admin": false
}
