{
    "login": "b33st",
    "id": 12038,
    "avatar_url": "https://avatars.githubusercontent.com/u/12038?v=3",
    "gravatar_id": "",
    "url": "https://api.github.com/users/b33st",
    "html_url": "https://github.com/b33st",
    "followers_url": "https://api.github.com/users/b33st/followers",
    "following_url": "https://api.github.com/users/b33st/following{/other_user}",
    "gists_url": "https://api.github.com/users/b33st/gists{/gist_id}",
    "starred_url": "https://api.github.com/users/b33st/starred{/owner}{/repo}",
    "subscriptions_url": "https://api.github.com/users/b33st/subscriptions",
    "organizations_url": "https://api.github.com/users/b33st/orgs",
    "repos_url": "https://api.github.com/users/b33st/repos",
    "events_url": "https://api.github.com/users/b33st/events{/privacy}",
    "received_events_url": "https://api.github.com/users/b33st/received_events",
    "type": "User",
    "site_admin": false
}
