{
    "login": "bohford",
    "id": 2096,
    "avatar_url": "https://avatars.githubusercontent.com/u/2096?v=3",
    "gravatar_id": "",
    "url": "https://api.github.com/users/bohford",
    "html_url": "https://github.com/bohford",
    "followers_url": "https://api.github.com/users/bohford/followers",
    "following_url": "https://api.github.com/users/bohford/following{/other_user}",
    "gists_url": "https://api.github.com/users/bohford/gists{/gist_id}",
    "starred_url": "https://api.github.com/users/bohford/starred{/owner}{/repo}",
    "subscriptions_url": "https://api.github.com/users/bohford/subscriptions",
    "organizations_url": "https://api.github.com/users/bohford/orgs",
    "repos_url": "https://api.github.com/users/bohford/repos",
    "events_url": "https://api.github.com/users/bohford/events{/privacy}",
    "received_events_url": "https://api.github.com/users/bohford/received_events",
    "type": "User",
    "site_admin": false
}
