{
    "login": "dabits",
    "id": 19059,
    "avatar_url": "https://avatars.githubusercontent.com/u/19059?v=3",
    "gravatar_id": "",
    "url": "https://api.github.com/users/dabits",
    "html_url": "https://github.com/dabits",
    "followers_url": "https://api.github.com/users/dabits/followers",
    "following_url": "https://api.github.com/users/dabits/following{/other_user}",
    "gists_url": "https://api.github.com/users/dabits/gists{/gist_id}",
    "starred_url": "https://api.github.com/users/dabits/starred{/owner}{/repo}",
    "subscriptions_url": "https://api.github.com/users/dabits/subscriptions",
    "organizations_url": "https://api.github.com/users/dabits/orgs",
    "repos_url": "https://api.github.com/users/dabits/repos",
    "events_url": "https://api.github.com/users/dabits/events{/privacy}",
    "received_events_url": "https://api.github.com/users/dabits/received_events",
    "type": "User",
    "site_admin": false
}
