{
    "login": "gtcaz",
    "id": 1699,
    "avatar_url": "https://avatars.githubusercontent.com/u/1699?v=3",
    "gravatar_id": "",
    "url": "https://api.github.com/users/gtcaz",
    "html_url": "https://github.com/gtcaz",
    "followers_url": "https://api.github.com/users/gtcaz/followers",
    "following_url": "https://api.github.com/users/gtcaz/following{/other_user}",
    "gists_url": "https://api.github.com/users/gtcaz/gists{/gist_id}",
    "starred_url": "https://api.github.com/users/gtcaz/starred{/owner}{/repo}",
    "subscriptions_url": "https://api.github.com/users/gtcaz/subscriptions",
    "organizations_url": "https://api.github.com/users/gtcaz/orgs",
    "repos_url": "https://api.github.com/users/gtcaz/repos",
    "events_url": "https://api.github.com/users/gtcaz/events{/privacy}",
    "received_events_url": "https://api.github.com/users/gtcaz/received_events",
    "type": "User",
    "site_admin": false
}
