{
    "login": "narkisr",
    "id": 6810,
    "avatar_url": "https://avatars.githubusercontent.com/u/6810?v=3",
    "gravatar_id": "",
    "url": "https://api.github.com/users/narkisr",
    "html_url": "https://github.com/narkisr",
    "followers_url": "https://api.github.com/users/narkisr/followers",
    "following_url": "https://api.github.com/users/narkisr/following{/other_user}",
    "gists_url": "https://api.github.com/users/narkisr/gists{/gist_id}",
    "starred_url": "https://api.github.com/users/narkisr/starred{/owner}{/repo}",
    "subscriptions_url": "https://api.github.com/users/narkisr/subscriptions",
    "organizations_url": "https://api.github.com/users/narkisr/orgs",
    "repos_url": "https://api.github.com/users/narkisr/repos",
    "events_url": "https://api.github.com/users/narkisr/events{/privacy}",
    "received_events_url": "https://api.github.com/users/narkisr/received_events",
    "type": "User",
    "site_admin": false
}
