{
    "login": "twjbmedia",
    "id": 5831,
    "avatar_url": "https://avatars.githubusercontent.com/u/5831?v=3",
    "gravatar_id": "",
    "url": "https://api.github.com/users/twjbmedia",
    "html_url": "https://github.com/twjbmedia",
    "followers_url": "https://api.github.com/users/twjbmedia/followers",
    "following_url": "https://api.github.com/users/twjbmedia/following{/other_user}",
    "gists_url": "https://api.github.com/users/twjbmedia/gists{/gist_id}",
    "starred_url": "https://api.github.com/users/twjbmedia/starred{/owner}{/repo}",
    "subscriptions_url": "https://api.github.com/users/twjbmedia/subscriptions",
    "organizations_url": "https://api.github.com/users/twjbmedia/orgs",
    "repos_url": "https://api.github.com/users/twjbmedia/repos",
    "events_url": "https://api.github.com/users/twjbmedia/events{/privacy}",
    "received_events_url": "https://api.github.com/users/twjbmedia/received_events",
    "type": "User",
    "site_admin": false
}
