{
    "login": "vampirical",
    "id": 6904,
    "avatar_url": "https://avatars.githubusercontent.com/u/6904?v=3",
    "gravatar_id": "",
    "url": "https://api.github.com/users/vampirical",
    "html_url": "https://github.com/vampirical",
    "followers_url": "https://api.github.com/users/vampirical/followers",
    "following_url": "https://api.github.com/users/vampirical/following{/other_user}",
    "gists_url": "https://api.github.com/users/vampirical/gists{/gist_id}",
    "starred_url": "https://api.github.com/users/vampirical/starred{/owner}{/repo}",
    "subscriptions_url": "https://api.github.com/users/vampirical/subscriptions",
    "organizations_url": "https://api.github.com/users/vampirical/orgs",
    "repos_url": "https://api.github.com/users/vampirical/repos",
    "events_url": "https://api.github.com/users/vampirical/events{/privacy}",
    "received_events_url": "https://api.github.com/users/vampirical/received_events",
    "type": "User",
    "site_admin": false
}
