{
    "login": "wrenchlabs",
    "id": 489,
    "avatar_url": "https://avatars.githubusercontent.com/u/489?v=3",
    "gravatar_id": "",
    "url": "https://api.github.com/users/wrenchlabs",
    "html_url": "https://github.com/wrenchlabs",
    "followers_url": "https://api.github.com/users/wrenchlabs/followers",
    "following_url": "https://api.github.com/users/wrenchlabs/following{/other_user}",
    "gists_url": "https://api.github.com/users/wrenchlabs/gists{/gist_id}",
    "starred_url": "https://api.github.com/users/wrenchlabs/starred{/owner}{/repo}",
    "subscriptions_url": "https://api.github.com/users/wrenchlabs/subscriptions",
    "organizations_url": "https://api.github.com/users/wrenchlabs/orgs",
    "repos_url": "https://api.github.com/users/wrenchlabs/repos",
    "events_url": "https://api.github.com/users/wrenchlabs/events{/privacy}",
    "received_events_url": "https://api.github.com/users/wrenchlabs/received_events",
    "type": "Organization",
    "site_admin": false
}
