{
    "login": "axgle",
    "id": 21093,
    "avatar_url": "https://avatars.githubusercontent.com/u/21093?v=3",
    "gravatar_id": "",
    "url": "https://api.github.com/users/axgle",
    "html_url": "https://github.com/axgle",
    "followers_url": "https://api.github.com/users/axgle/followers",
    "following_url": "https://api.github.com/users/axgle/following{/other_user}",
    "gists_url": "https://api.github.com/users/axgle/gists{/gist_id}",
    "starred_url": "https://api.github.com/users/axgle/starred{/owner}{/repo}",
    "subscriptions_url": "https://api.github.com/users/axgle/subscriptions",
    "organizations_url": "https://api.github.com/users/axgle/orgs",
    "repos_url": "https://api.github.com/users/axgle/repos",
    "events_url": "https://api.github.com/users/axgle/events{/privacy}",
    "received_events_url": "https://api.github.com/users/axgle/received_events",
    "type": "User",
    "site_admin": false
}
