{
    "login": "eiu165",
    "id": 8831,
    "avatar_url": "https://avatars.githubusercontent.com/u/8831?v=3",
    "gravatar_id": "",
    "url": "https://api.github.com/users/eiu165",
    "html_url": "https://github.com/eiu165",
    "followers_url": "https://api.github.com/users/eiu165/followers",
    "following_url": "https://api.github.com/users/eiu165/following{/other_user}",
    "gists_url": "https://api.github.com/users/eiu165/gists{/gist_id}",
    "starred_url": "https://api.github.com/users/eiu165/starred{/owner}{/repo}",
    "subscriptions_url": "https://api.github.com/users/eiu165/subscriptions",
    "organizations_url": "https://api.github.com/users/eiu165/orgs",
    "repos_url": "https://api.github.com/users/eiu165/repos",
    "events_url": "https://api.github.com/users/eiu165/events{/privacy}",
    "received_events_url": "https://api.github.com/users/eiu165/received_events",
    "type": "User",
    "site_admin": false
}
