{
    "login": "theinterned",
    "id": 2694,
    "avatar_url": "https://avatars.githubusercontent.com/u/2694?v=3",
    "gravatar_id": "",
    "url": "https://api.github.com/users/theinterned",
    "html_url": "https://github.com/theinterned",
    "followers_url": "https://api.github.com/users/theinterned/followers",
    "following_url": "https://api.github.com/users/theinterned/following{/other_user}",
    "gists_url": "https://api.github.com/users/theinterned/gists{/gist_id}",
    "starred_url": "https://api.github.com/users/theinterned/starred{/owner}{/repo}",
    "subscriptions_url": "https://api.github.com/users/theinterned/subscriptions",
    "organizations_url": "https://api.github.com/users/theinterned/orgs",
    "repos_url": "https://api.github.com/users/theinterned/repos",
    "events_url": "https://api.github.com/users/theinterned/events{/privacy}",
    "received_events_url": "https://api.github.com/users/theinterned/received_events",
    "type": "User",
    "site_admin": false
}
