{
    "login": "ttarzan",
    "id": 10007,
    "avatar_url": "https://avatars.githubusercontent.com/u/10007?v=3",
    "gravatar_id": "",
    "url": "https://api.github.com/users/ttarzan",
    "html_url": "https://github.com/ttarzan",
    "followers_url": "https://api.github.com/users/ttarzan/followers",
    "following_url": "https://api.github.com/users/ttarzan/following{/other_user}",
    "gists_url": "https://api.github.com/users/ttarzan/gists{/gist_id}",
    "starred_url": "https://api.github.com/users/ttarzan/starred{/owner}{/repo}",
    "subscriptions_url": "https://api.github.com/users/ttarzan/subscriptions",
    "organizations_url": "https://api.github.com/users/ttarzan/orgs",
    "repos_url": "https://api.github.com/users/ttarzan/repos",
    "events_url": "https://api.github.com/users/ttarzan/events{/privacy}",
    "received_events_url": "https://api.github.com/users/ttarzan/received_events",
    "type": "User",
    "site_admin": false
}
