{
    "login": "bneumeier",
    "id": 9076,
    "avatar_url": "https://avatars.githubusercontent.com/u/9076?v=3",
    "gravatar_id": "",
    "url": "https://api.github.com/users/bneumeier",
    "html_url": "https://github.com/bneumeier",
    "followers_url": "https://api.github.com/users/bneumeier/followers",
    "following_url": "https://api.github.com/users/bneumeier/following{/other_user}",
    "gists_url": "https://api.github.com/users/bneumeier/gists{/gist_id}",
    "starred_url": "https://api.github.com/users/bneumeier/starred{/owner}{/repo}",
    "subscriptions_url": "https://api.github.com/users/bneumeier/subscriptions",
    "organizations_url": "https://api.github.com/users/bneumeier/orgs",
    "repos_url": "https://api.github.com/users/bneumeier/repos",
    "events_url": "https://api.github.com/users/bneumeier/events{/privacy}",
    "received_events_url": "https://api.github.com/users/bneumeier/received_events",
    "type": "User",
    "site_admin": false
}
