{
    "login": "jeromelefeuvre",
    "id": 6428,
    "avatar_url": "https://avatars.githubusercontent.com/u/6428?v=3",
    "gravatar_id": "",
    "url": "https://api.github.com/users/jeromelefeuvre",
    "html_url": "https://github.com/jeromelefeuvre",
    "followers_url": "https://api.github.com/users/jeromelefeuvre/followers",
    "following_url": "https://api.github.com/users/jeromelefeuvre/following{/other_user}",
    "gists_url": "https://api.github.com/users/jeromelefeuvre/gists{/gist_id}",
    "starred_url": "https://api.github.com/users/jeromelefeuvre/starred{/owner}{/repo}",
    "subscriptions_url": "https://api.github.com/users/jeromelefeuvre/subscriptions",
    "organizations_url": "https://api.github.com/users/jeromelefeuvre/orgs",
    "repos_url": "https://api.github.com/users/jeromelefeuvre/repos",
    "events_url": "https://api.github.com/users/jeromelefeuvre/events{/privacy}",
    "received_events_url": "https://api.github.com/users/jeromelefeuvre/received_events",
    "type": "User",
    "site_admin": false
}
