{
    "login": "sivarajan",
    "id": 18096,
    "avatar_url": "https://avatars.githubusercontent.com/u/18096?v=3",
    "gravatar_id": "",
    "url": "https://api.github.com/users/sivarajan",
    "html_url": "https://github.com/sivarajan",
    "followers_url": "https://api.github.com/users/sivarajan/followers",
    "following_url": "https://api.github.com/users/sivarajan/following{/other_user}",
    "gists_url": "https://api.github.com/users/sivarajan/gists{/gist_id}",
    "starred_url": "https://api.github.com/users/sivarajan/starred{/owner}{/repo}",
    "subscriptions_url": "https://api.github.com/users/sivarajan/subscriptions",
    "organizations_url": "https://api.github.com/users/sivarajan/orgs",
    "repos_url": "https://api.github.com/users/sivarajan/repos",
    "events_url": "https://api.github.com/users/sivarajan/events{/privacy}",
    "received_events_url": "https://api.github.com/users/sivarajan/received_events",
    "type": "User",
    "site_admin": false
}
