{
    "login": "jgotangco",
    "id": 8622,
    "avatar_url": "https://avatars.githubusercontent.com/u/8622?v=3",
    "gravatar_id": "",
    "url": "https://api.github.com/users/jgotangco",
    "html_url": "https://github.com/jgotangco",
    "followers_url": "https://api.github.com/users/jgotangco/followers",
    "following_url": "https://api.github.com/users/jgotangco/following{/other_user}",
    "gists_url": "https://api.github.com/users/jgotangco/gists{/gist_id}",
    "starred_url": "https://api.github.com/users/jgotangco/starred{/owner}{/repo}",
    "subscriptions_url": "https://api.github.com/users/jgotangco/subscriptions",
    "organizations_url": "https://api.github.com/users/jgotangco/orgs",
    "repos_url": "https://api.github.com/users/jgotangco/repos",
    "events_url": "https://api.github.com/users/jgotangco/events{/privacy}",
    "received_events_url": "https://api.github.com/users/jgotangco/received_events",
    "type": "User",
    "site_admin": false
}
