{
    "login": "brunocolli",
    "id": 8304,
    "avatar_url": "https://avatars.githubusercontent.com/u/8304?v=3",
    "gravatar_id": "",
    "url": "https://api.github.com/users/brunocolli",
    "html_url": "https://github.com/brunocolli",
    "followers_url": "https://api.github.com/users/brunocolli/followers",
    "following_url": "https://api.github.com/users/brunocolli/following{/other_user}",
    "gists_url": "https://api.github.com/users/brunocolli/gists{/gist_id}",
    "starred_url": "https://api.github.com/users/brunocolli/starred{/owner}{/repo}",
    "subscriptions_url": "https://api.github.com/users/brunocolli/subscriptions",
    "organizations_url": "https://api.github.com/users/brunocolli/orgs",
    "repos_url": "https://api.github.com/users/brunocolli/repos",
    "events_url": "https://api.github.com/users/brunocolli/events{/privacy}",
    "received_events_url": "https://api.github.com/users/brunocolli/received_events",
    "type": "User",
    "site_admin": false
}
