{
    "login": "ChristopherRogers",
    "id": 15035,
    "avatar_url": "https://avatars.githubusercontent.com/u/15035?v=3",
    "gravatar_id": "",
    "url": "https://api.github.com/users/ChristopherRogers",
    "html_url": "https://github.com/ChristopherRogers",
    "followers_url": "https://api.github.com/users/ChristopherRogers/followers",
    "following_url": "https://api.github.com/users/ChristopherRogers/following{/other_user}",
    "gists_url": "https://api.github.com/users/ChristopherRogers/gists{/gist_id}",
    "starred_url": "https://api.github.com/users/ChristopherRogers/starred{/owner}{/repo}",
    "subscriptions_url": "https://api.github.com/users/ChristopherRogers/subscriptions",
    "organizations_url": "https://api.github.com/users/ChristopherRogers/orgs",
    "repos_url": "https://api.github.com/users/ChristopherRogers/repos",
    "events_url": "https://api.github.com/users/ChristopherRogers/events{/privacy}",
    "received_events_url": "https://api.github.com/users/ChristopherRogers/received_events",
    "type": "User",
    "site_admin": false
}
