{
    "login": "lamsek",
    "id": 9041,
    "avatar_url": "https://avatars.githubusercontent.com/u/9041?v=3",
    "gravatar_id": "",
    "url": "https://api.github.com/users/lamsek",
    "html_url": "https://github.com/lamsek",
    "followers_url": "https://api.github.com/users/lamsek/followers",
    "following_url": "https://api.github.com/users/lamsek/following{/other_user}",
    "gists_url": "https://api.github.com/users/lamsek/gists{/gist_id}",
    "starred_url": "https://api.github.com/users/lamsek/starred{/owner}{/repo}",
    "subscriptions_url": "https://api.github.com/users/lamsek/subscriptions",
    "organizations_url": "https://api.github.com/users/lamsek/orgs",
    "repos_url": "https://api.github.com/users/lamsek/repos",
    "events_url": "https://api.github.com/users/lamsek/events{/privacy}",
    "received_events_url": "https://api.github.com/users/lamsek/received_events",
    "type": "User",
    "site_admin": false
}
