{
    "login": "afraneo",
    "id": 5286,
    "avatar_url": "https://avatars.githubusercontent.com/u/5286?v=3",
    "gravatar_id": "",
    "url": "https://api.github.com/users/afraneo",
    "html_url": "https://github.com/afraneo",
    "followers_url": "https://api.github.com/users/afraneo/followers",
    "following_url": "https://api.github.com/users/afraneo/following{/other_user}",
    "gists_url": "https://api.github.com/users/afraneo/gists{/gist_id}",
    "starred_url": "https://api.github.com/users/afraneo/starred{/owner}{/repo}",
    "subscriptions_url": "https://api.github.com/users/afraneo/subscriptions",
    "organizations_url": "https://api.github.com/users/afraneo/orgs",
    "repos_url": "https://api.github.com/users/afraneo/repos",
    "events_url": "https://api.github.com/users/afraneo/events{/privacy}",
    "received_events_url": "https://api.github.com/users/afraneo/received_events",
    "type": "User",
    "site_admin": false
}
