{
    "login": "imajes",
    "id": 2073,
    "avatar_url": "https://avatars.githubusercontent.com/u/2073?v=3",
    "gravatar_id": "",
    "url": "https://api.github.com/users/imajes",
    "html_url": "https://github.com/imajes",
    "followers_url": "https://api.github.com/users/imajes/followers",
    "following_url": "https://api.github.com/users/imajes/following{/other_user}",
    "gists_url": "https://api.github.com/users/imajes/gists{/gist_id}",
    "starred_url": "https://api.github.com/users/imajes/starred{/owner}{/repo}",
    "subscriptions_url": "https://api.github.com/users/imajes/subscriptions",
    "organizations_url": "https://api.github.com/users/imajes/orgs",
    "repos_url": "https://api.github.com/users/imajes/repos",
    "events_url": "https://api.github.com/users/imajes/events{/privacy}",
    "received_events_url": "https://api.github.com/users/imajes/received_events",
    "type": "User",
    "site_admin": false
}
