{
    "login": "rand",
    "id": 2835,
    "avatar_url": "https://avatars.githubusercontent.com/u/2835?v=3",
    "gravatar_id": "",
    "url": "https://api.github.com/users/rand",
    "html_url": "https://github.com/rand",
    "followers_url": "https://api.github.com/users/rand/followers",
    "following_url": "https://api.github.com/users/rand/following{/other_user}",
    "gists_url": "https://api.github.com/users/rand/gists{/gist_id}",
    "starred_url": "https://api.github.com/users/rand/starred{/owner}{/repo}",
    "subscriptions_url": "https://api.github.com/users/rand/subscriptions",
    "organizations_url": "https://api.github.com/users/rand/orgs",
    "repos_url": "https://api.github.com/users/rand/repos",
    "events_url": "https://api.github.com/users/rand/events{/privacy}",
    "received_events_url": "https://api.github.com/users/rand/received_events",
    "type": "User",
    "site_admin": false
}
