{
    "login": "cragglestats",
    "id": 11034,
    "avatar_url": "https://avatars.githubusercontent.com/u/11034?v=3",
    "gravatar_id": "",
    "url": "https://api.github.com/users/cragglestats",
    "html_url": "https://github.com/cragglestats",
    "followers_url": "https://api.github.com/users/cragglestats/followers",
    "following_url": "https://api.github.com/users/cragglestats/following{/other_user}",
    "gists_url": "https://api.github.com/users/cragglestats/gists{/gist_id}",
    "starred_url": "https://api.github.com/users/cragglestats/starred{/owner}{/repo}",
    "subscriptions_url": "https://api.github.com/users/cragglestats/subscriptions",
    "organizations_url": "https://api.github.com/users/cragglestats/orgs",
    "repos_url": "https://api.github.com/users/cragglestats/repos",
    "events_url": "https://api.github.com/users/cragglestats/events{/privacy}",
    "received_events_url": "https://api.github.com/users/cragglestats/received_events",
    "type": "User",
    "site_admin": false
}
