{
    "login": "citizenk",
    "id": 22097,
    "avatar_url": "https://avatars.githubusercontent.com/u/22097?v=3",
    "gravatar_id": "",
    "url": "https://api.github.com/users/citizenk",
    "html_url": "https://github.com/citizenk",
    "followers_url": "https://api.github.com/users/citizenk/followers",
    "following_url": "https://api.github.com/users/citizenk/following{/other_user}",
    "gists_url": "https://api.github.com/users/citizenk/gists{/gist_id}",
    "starred_url": "https://api.github.com/users/citizenk/starred{/owner}{/repo}",
    "subscriptions_url": "https://api.github.com/users/citizenk/subscriptions",
    "organizations_url": "https://api.github.com/users/citizenk/orgs",
    "repos_url": "https://api.github.com/users/citizenk/repos",
    "events_url": "https://api.github.com/users/citizenk/events{/privacy}",
    "received_events_url": "https://api.github.com/users/citizenk/received_events",
    "type": "User",
    "site_admin": false
}
