{
    "login": "joaopp",
    "id": 22044,
    "avatar_url": "https://avatars.githubusercontent.com/u/22044?v=3",
    "gravatar_id": "",
    "url": "https://api.github.com/users/joaopp",
    "html_url": "https://github.com/joaopp",
    "followers_url": "https://api.github.com/users/joaopp/followers",
    "following_url": "https://api.github.com/users/joaopp/following{/other_user}",
    "gists_url": "https://api.github.com/users/joaopp/gists{/gist_id}",
    "starred_url": "https://api.github.com/users/joaopp/starred{/owner}{/repo}",
    "subscriptions_url": "https://api.github.com/users/joaopp/subscriptions",
    "organizations_url": "https://api.github.com/users/joaopp/orgs",
    "repos_url": "https://api.github.com/users/joaopp/repos",
    "events_url": "https://api.github.com/users/joaopp/events{/privacy}",
    "received_events_url": "https://api.github.com/users/joaopp/received_events",
    "type": "User",
    "site_admin": false
}
