{
    "login": "kurtjx",
    "id": 3906,
    "avatar_url": "https://avatars.githubusercontent.com/u/3906?v=3",
    "gravatar_id": "",
    "url": "https://api.github.com/users/kurtjx",
    "html_url": "https://github.com/kurtjx",
    "followers_url": "https://api.github.com/users/kurtjx/followers",
    "following_url": "https://api.github.com/users/kurtjx/following{/other_user}",
    "gists_url": "https://api.github.com/users/kurtjx/gists{/gist_id}",
    "starred_url": "https://api.github.com/users/kurtjx/starred{/owner}{/repo}",
    "subscriptions_url": "https://api.github.com/users/kurtjx/subscriptions",
    "organizations_url": "https://api.github.com/users/kurtjx/orgs",
    "repos_url": "https://api.github.com/users/kurtjx/repos",
    "events_url": "https://api.github.com/users/kurtjx/events{/privacy}",
    "received_events_url": "https://api.github.com/users/kurtjx/received_events",
    "type": "User",
    "site_admin": false
}
