{
    "login": "gizzmo",
    "id": 5255,
    "avatar_url": "https://avatars.githubusercontent.com/u/5255?v=3",
    "gravatar_id": "",
    "url": "https://api.github.com/users/gizzmo",
    "html_url": "https://github.com/gizzmo",
    "followers_url": "https://api.github.com/users/gizzmo/followers",
    "following_url": "https://api.github.com/users/gizzmo/following{/other_user}",
    "gists_url": "https://api.github.com/users/gizzmo/gists{/gist_id}",
    "starred_url": "https://api.github.com/users/gizzmo/starred{/owner}{/repo}",
    "subscriptions_url": "https://api.github.com/users/gizzmo/subscriptions",
    "organizations_url": "https://api.github.com/users/gizzmo/orgs",
    "repos_url": "https://api.github.com/users/gizzmo/repos",
    "events_url": "https://api.github.com/users/gizzmo/events{/privacy}",
    "received_events_url": "https://api.github.com/users/gizzmo/received_events",
    "type": "User",
    "site_admin": false
}
