{
    "login": "joeslow",
    "id": 7238,
    "avatar_url": "https://avatars.githubusercontent.com/u/7238?v=3",
    "gravatar_id": "",
    "url": "https://api.github.com/users/joeslow",
    "html_url": "https://github.com/joeslow",
    "followers_url": "https://api.github.com/users/joeslow/followers",
    "following_url": "https://api.github.com/users/joeslow/following{/other_user}",
    "gists_url": "https://api.github.com/users/joeslow/gists{/gist_id}",
    "starred_url": "https://api.github.com/users/joeslow/starred{/owner}{/repo}",
    "subscriptions_url": "https://api.github.com/users/joeslow/subscriptions",
    "organizations_url": "https://api.github.com/users/joeslow/orgs",
    "repos_url": "https://api.github.com/users/joeslow/repos",
    "events_url": "https://api.github.com/users/joeslow/events{/privacy}",
    "received_events_url": "https://api.github.com/users/joeslow/received_events",
    "type": "User",
    "site_admin": false
}
