{
    "login": "jacarefake",
    "id": 6239,
    "avatar_url": "https://avatars.githubusercontent.com/u/6239?v=3",
    "gravatar_id": "",
    "url": "https://api.github.com/users/jacarefake",
    "html_url": "https://github.com/jacarefake",
    "followers_url": "https://api.github.com/users/jacarefake/followers",
    "following_url": "https://api.github.com/users/jacarefake/following{/other_user}",
    "gists_url": "https://api.github.com/users/jacarefake/gists{/gist_id}",
    "starred_url": "https://api.github.com/users/jacarefake/starred{/owner}{/repo}",
    "subscriptions_url": "https://api.github.com/users/jacarefake/subscriptions",
    "organizations_url": "https://api.github.com/users/jacarefake/orgs",
    "repos_url": "https://api.github.com/users/jacarefake/repos",
    "events_url": "https://api.github.com/users/jacarefake/events{/privacy}",
    "received_events_url": "https://api.github.com/users/jacarefake/received_events",
    "type": "User",
    "site_admin": false
}
