{
    "login": "jward",
    "id": 6809,
    "avatar_url": "https://avatars.githubusercontent.com/u/6809?v=3",
    "gravatar_id": "",
    "url": "https://api.github.com/users/jward",
    "html_url": "https://github.com/jward",
    "followers_url": "https://api.github.com/users/jward/followers",
    "following_url": "https://api.github.com/users/jward/following{/other_user}",
    "gists_url": "https://api.github.com/users/jward/gists{/gist_id}",
    "starred_url": "https://api.github.com/users/jward/starred{/owner}{/repo}",
    "subscriptions_url": "https://api.github.com/users/jward/subscriptions",
    "organizations_url": "https://api.github.com/users/jward/orgs",
    "repos_url": "https://api.github.com/users/jward/repos",
    "events_url": "https://api.github.com/users/jward/events{/privacy}",
    "received_events_url": "https://api.github.com/users/jward/received_events",
    "type": "User",
    "site_admin": false
}
