{
    "login": "olistik",
    "id": 21038,
    "avatar_url": "https://avatars.githubusercontent.com/u/21038?v=3",
    "gravatar_id": "",
    "url": "https://api.github.com/users/olistik",
    "html_url": "https://github.com/olistik",
    "followers_url": "https://api.github.com/users/olistik/followers",
    "following_url": "https://api.github.com/users/olistik/following{/other_user}",
    "gists_url": "https://api.github.com/users/olistik/gists{/gist_id}",
    "starred_url": "https://api.github.com/users/olistik/starred{/owner}{/repo}",
    "subscriptions_url": "https://api.github.com/users/olistik/subscriptions",
    "organizations_url": "https://api.github.com/users/olistik/orgs",
    "repos_url": "https://api.github.com/users/olistik/repos",
    "events_url": "https://api.github.com/users/olistik/events{/privacy}",
    "received_events_url": "https://api.github.com/users/olistik/received_events",
    "type": "User",
    "site_admin": false
}
