{
    "login": "nagayama",
    "id": 8455,
    "avatar_url": "https://avatars.githubusercontent.com/u/8455?v=3",
    "gravatar_id": "",
    "url": "https://api.github.com/users/nagayama",
    "html_url": "https://github.com/nagayama",
    "followers_url": "https://api.github.com/users/nagayama/followers",
    "following_url": "https://api.github.com/users/nagayama/following{/other_user}",
    "gists_url": "https://api.github.com/users/nagayama/gists{/gist_id}",
    "starred_url": "https://api.github.com/users/nagayama/starred{/owner}{/repo}",
    "subscriptions_url": "https://api.github.com/users/nagayama/subscriptions",
    "organizations_url": "https://api.github.com/users/nagayama/orgs",
    "repos_url": "https://api.github.com/users/nagayama/repos",
    "events_url": "https://api.github.com/users/nagayama/events{/privacy}",
    "received_events_url": "https://api.github.com/users/nagayama/received_events",
    "type": "User",
    "site_admin": false
}
